date,category,recipe_id,recipe_name
2026-07-18,主菜,1,親子丼
2026-07-18,副菜,,未登録
2026-07-18,汁物,,未登録
2026-07-19,主菜,1,親子丼
2026-07-19,副菜,,未登録
2026-07-19,汁物,,未登録
2026-07-20,主菜,1,親子丼
2026-07-20,副菜,,未登録
2026-07-20,汁物,,未登録
2026-07-21,主菜,1,親子丼
2026-07-21,副菜,,未登録
2026-07-21,汁物,,未登録
2026-07-22,主菜,1,親子丼
2026-07-22,副菜,,未登録
2026-07-22,汁物,,未登録
2026-07-23,主菜,1,親子丼
2026-07-23,副菜,,未登録
2026-07-23,汁物,,未登録
2026-07-24,主菜,1,親子丼
2026-07-24,副菜,,未登録
2026-07-24,汁物,,未登録
2026-07-25,主菜,1,親子丼
2026-07-25,副菜,,未登録
2026-07-25,汁物,,未登録
2026-07-26,主菜,1,親子丼
2026-07-26,副菜,,未登録
2026-07-26,汁物,,未登録
2026-07-27,主菜,1,親子丼
2026-07-27,副菜,,未登録
2026-07-27,汁物,,未登録
2026-07-28,主菜,1,親子丼
2026-07-28,副菜,,未登録
2026-07-28,汁物,,未登録
2026-07-29,主菜,1,親子丼
2026-07-29,副菜,,未登録
2026-07-29,汁物,,未登録
2026-07-30,主菜,1,親子丼
2026-07-30,副菜,,未登録
2026-07-30,汁物,,未登録
2026-07-31,主菜,1,親子丼
2026-07-31,副菜,,未登録
2026-07-31,汁物,,未登録
2026-08-01,主菜,1,親子丼
2026-08-01,副菜,,未登録
2026-08-01,汁物,,未登録
2026-08-02,主菜,1,親子丼
2026-08-02,副菜,,未登録
2026-08-02,汁物,,未登録
2026-08-03,主菜,1,親子丼
2026-08-03,副菜,,未登録
2026-08-03,汁物,,未登録
2026-08-04,主菜,1,親子丼
2026-08-04,副菜,,未登録
2026-08-04,汁物,,未登録
2026-08-05,主菜,1,親子丼
2026-08-05,副菜,,未登録
2026-08-05,汁物,,未登録
2026-08-06,主菜,1,親子丼
2026-08-06,副菜,,未登録
2026-08-06,汁物,,未登録
2026-08-07,主菜,1,親子丼
2026-08-07,副菜,,未登録
2026-08-07,汁物,,未登録
2026-08-08,主菜,1,親子丼
2026-08-08,副菜,,未登録
2026-08-08,汁物,,未登録
2026-08-09,主菜,1,親子丼
2026-08-09,副菜,,未登録
2026-08-09,汁物,,未登録
2026-08-10,主菜,1,親子丼
2026-08-10,副菜,,未登録
2026-08-10,汁物,,未登録
2026-08-11,主菜,1,親子丼
2026-08-11,副菜,,未登録
2026-08-11,汁物,,未登録
2026-08-12,主菜,1,親子丼
2026-08-12,副菜,,未登録
2026-08-12,汁物,,未登録
2026-08-13,主菜,1,親子丼
2026-08-13,副菜,,未登録
2026-08-13,汁物,,未登録
2026-08-14,主菜,1,親子丼
2026-08-14,副菜,,未登録
2026-08-14,汁物,,未登録
2026-08-15,主菜,1,親子丼
2026-08-15,副菜,,未登録
2026-08-15,汁物,,未登録
2026-08-16,主菜,1,親子丼
2026-08-16,副菜,,未登録
2026-08-16,汁物,,未登録
