recipe_id,recipe_name,category,cook_time,ingredients,seasonings,instructions
1,鶏もも肉と玉ねぎの照り焼き,主菜,20,"鶏もも肉 300g
玉ねぎ 120g",しょうゆ 大さじ1.5、みりん 大さじ1.5、砂糖 小さじ1,食材を食べやすく切る。主材料を中火で十分に加熱し、野菜を加える。調味料を加えて照りが出るまで絡める。
2,鶏もも肉とキャベツのみぞれ煮,主菜,25,"鶏もも肉 300g
キャベツ 120g
大根 180g",しょうゆ 大さじ1、みりん 大さじ1、だし 150ml,主材料を焼き色がつくまで加熱する。野菜とだしを加えて煮る。大根おろしを加え、中心まで火を通す。
3,鶏もも肉としめじの味噌炒め,主菜,30,"鶏もも肉 300g
しめじ 120g",みそ 大さじ1、みりん 大さじ1、砂糖 小さじ1,食材を切る。主材料を炒めて中心まで火を通し、野菜を加える。合わせ調味料を加えて水分を飛ばす。
4,鶏もも肉と長ねぎの塩こうじ焼き,主菜,20,"鶏もも肉 300g
長ねぎ 120g",塩こうじ 大さじ1.5、酒 大さじ1,主材料に塩こうじをなじませる。フライパンで両面を焼き、野菜を加えてふたをし、十分に蒸し焼きにする。
5,鶏もも肉とピーマンのトマト煮,主菜,25,"鶏もも肉 300g
ピーマン 120g
カットトマト 200g",カットトマト 200g、コンソメ 小さじ1、塩 少々,主材料と野菜を炒める。トマトとコンソメを加え、弱めの中火で煮る。全体に火が通ったら味を整える。
6,鶏もも肉と玉ねぎのカレー炒め,主菜,30,"鶏もも肉 300g
玉ねぎ 120g",カレー粉 小さじ1、しょうゆ 小さじ2、酒 大さじ1,主材料を炒めて火を通す。野菜を加え、カレー粉と調味料を加えて香りよく仕上げる。
7,鶏もも肉とキャベツの甘酢あん,主菜,20,"鶏もも肉 300g
キャベツ 120g",酢 大さじ1、しょうゆ 大さじ1、砂糖 大さじ1、片栗粉 小さじ1,主材料を十分に加熱して取り出す。野菜を炒め、甘酢だれを加える。主材料を戻してとろみがつくまで絡める。
8,鶏もも肉としめじのしょうが焼き,主菜,25,"鶏もも肉 300g
しめじ 120g",しょうゆ 大さじ1.5、みりん 大さじ1、しょうが 小さじ1,主材料と野菜を炒める。しょうが入りの調味料を加え、中心まで火を通しながら汁気を絡める。
9,鶏もも肉と長ねぎの野菜蒸し,主菜,30,"鶏もも肉 300g
長ねぎ 120g",酒 大さじ2、塩 少々、ぽん酢 適量,フライパンに野菜と主材料を重ねる。酒を加えてふたをし、弱めの中火で中心まで蒸す。ぽん酢を添える。
10,鶏もも肉とピーマンのごまぽん酢,主菜,20,"鶏もも肉 300g
ピーマン 120g",ぽん酢 大さじ2、すりごま 大さじ1,主材料と野菜を焼くか蒸して十分に加熱する。ぽん酢とすりごまを混ぜ、食べる直前にかける。
11,鶏むね肉と玉ねぎの照り焼き,主菜,20,"鶏むね肉 300g
玉ねぎ 120g",しょうゆ 大さじ1.5、みりん 大さじ1.5、砂糖 小さじ1,食材を食べやすく切る。主材料を中火で十分に加熱し、野菜を加える。調味料を加えて照りが出るまで絡める。
12,鶏むね肉と小松菜のみぞれ煮,主菜,25,"鶏むね肉 300g
小松菜 120g
大根 180g",しょうゆ 大さじ1、みりん 大さじ1、だし 150ml,主材料を焼き色がつくまで加熱する。野菜とだしを加えて煮る。大根おろしを加え、中心まで火を通す。
13,鶏むね肉とブロッコリーの味噌炒め,主菜,30,"鶏むね肉 300g
ブロッコリー 120g",みそ 大さじ1、みりん 大さじ1、砂糖 小さじ1,食材を切る。主材料を炒めて中心まで火を通し、野菜を加える。合わせ調味料を加えて水分を飛ばす。
14,鶏むね肉としめじの塩こうじ焼き,主菜,20,"鶏むね肉 300g
しめじ 120g",塩こうじ 大さじ1.5、酒 大さじ1,主材料に塩こうじをなじませる。フライパンで両面を焼き、野菜を加えてふたをし、十分に蒸し焼きにする。
15,鶏むね肉とにんじんのトマト煮,主菜,25,"鶏むね肉 300g
にんじん 120g
カットトマト 200g",カットトマト 200g、コンソメ 小さじ1、塩 少々,主材料と野菜を炒める。トマトとコンソメを加え、弱めの中火で煮る。全体に火が通ったら味を整える。
16,鶏むね肉と玉ねぎのカレー炒め,主菜,30,"鶏むね肉 300g
玉ねぎ 120g",カレー粉 小さじ1、しょうゆ 小さじ2、酒 大さじ1,主材料を炒めて火を通す。野菜を加え、カレー粉と調味料を加えて香りよく仕上げる。
17,鶏むね肉と小松菜の甘酢あん,主菜,20,"鶏むね肉 300g
小松菜 120g",酢 大さじ1、しょうゆ 大さじ1、砂糖 大さじ1、片栗粉 小さじ1,主材料を十分に加熱して取り出す。野菜を炒め、甘酢だれを加える。主材料を戻してとろみがつくまで絡める。
18,鶏むね肉とブロッコリーのしょうが焼き,主菜,25,"鶏むね肉 300g
ブロッコリー 120g",しょうゆ 大さじ1.5、みりん 大さじ1、しょうが 小さじ1,主材料と野菜を炒める。しょうが入りの調味料を加え、中心まで火を通しながら汁気を絡める。
19,鶏むね肉としめじの野菜蒸し,主菜,30,"鶏むね肉 300g
しめじ 120g",酒 大さじ2、塩 少々、ぽん酢 適量,フライパンに野菜と主材料を重ねる。酒を加えてふたをし、弱めの中火で中心まで蒸す。ぽん酢を添える。
20,鶏むね肉とにんじんのごまぽん酢,主菜,20,"鶏むね肉 300g
にんじん 120g",ぽん酢 大さじ2、すりごま 大さじ1,主材料と野菜を焼くか蒸して十分に加熱する。ぽん酢とすりごまを混ぜ、食べる直前にかける。
21,豚こま切れ肉と玉ねぎの照り焼き,主菜,20,"豚こま切れ肉 250g
玉ねぎ 120g",しょうゆ 大さじ1.5、みりん 大さじ1.5、砂糖 小さじ1,食材を食べやすく切る。主材料を中火で十分に加熱し、野菜を加える。調味料を加えて照りが出るまで絡める。
22,豚こま切れ肉とキャベツのみぞれ煮,主菜,25,"豚こま切れ肉 250g
キャベツ 120g
大根 180g",しょうゆ 大さじ1、みりん 大さじ1、だし 150ml,主材料を焼き色がつくまで加熱する。野菜とだしを加えて煮る。大根おろしを加え、中心まで火を通す。
23,豚こま切れ肉ともやしの味噌炒め,主菜,30,"豚こま切れ肉 250g
もやし 120g",みそ 大さじ1、みりん 大さじ1、砂糖 小さじ1,食材を切る。主材料を炒めて中心まで火を通し、野菜を加える。合わせ調味料を加えて水分を飛ばす。
24,豚こま切れ肉とピーマンの塩こうじ焼き,主菜,20,"豚こま切れ肉 250g
ピーマン 120g",塩こうじ 大さじ1.5、酒 大さじ1,主材料に塩こうじをなじませる。フライパンで両面を焼き、野菜を加えてふたをし、十分に蒸し焼きにする。
25,豚こま切れ肉とにらのトマト煮,主菜,25,"豚こま切れ肉 250g
にら 120g
カットトマト 200g",カットトマト 200g、コンソメ 小さじ1、塩 少々,主材料と野菜を炒める。トマトとコンソメを加え、弱めの中火で煮る。全体に火が通ったら味を整える。
26,豚こま切れ肉と玉ねぎのカレー炒め,主菜,30,"豚こま切れ肉 250g
玉ねぎ 120g",カレー粉 小さじ1、しょうゆ 小さじ2、酒 大さじ1,主材料を炒めて火を通す。野菜を加え、カレー粉と調味料を加えて香りよく仕上げる。
27,豚こま切れ肉とキャベツの甘酢あん,主菜,20,"豚こま切れ肉 250g
キャベツ 120g",酢 大さじ1、しょうゆ 大さじ1、砂糖 大さじ1、片栗粉 小さじ1,主材料を十分に加熱して取り出す。野菜を炒め、甘酢だれを加える。主材料を戻してとろみがつくまで絡める。
28,豚こま切れ肉ともやしのしょうが焼き,主菜,25,"豚こま切れ肉 250g
もやし 120g",しょうゆ 大さじ1.5、みりん 大さじ1、しょうが 小さじ1,主材料と野菜を炒める。しょうが入りの調味料を加え、中心まで火を通しながら汁気を絡める。
29,豚こま切れ肉とピーマンの野菜蒸し,主菜,30,"豚こま切れ肉 250g
ピーマン 120g",酒 大さじ2、塩 少々、ぽん酢 適量,フライパンに野菜と主材料を重ねる。酒を加えてふたをし、弱めの中火で中心まで蒸す。ぽん酢を添える。
30,豚こま切れ肉とにらのごまぽん酢,主菜,20,"豚こま切れ肉 250g
にら 120g",ぽん酢 大さじ2、すりごま 大さじ1,主材料と野菜を焼くか蒸して十分に加熱する。ぽん酢とすりごまを混ぜ、食べる直前にかける。
31,豚ロース肉と玉ねぎの照り焼き,主菜,20,"豚ロース肉 2枚
玉ねぎ 120g",しょうゆ 大さじ1.5、みりん 大さじ1.5、砂糖 小さじ1,食材を食べやすく切る。主材料を中火で十分に加熱し、野菜を加える。調味料を加えて照りが出るまで絡める。
32,豚ロース肉とキャベツのみぞれ煮,主菜,25,"豚ロース肉 2枚
キャベツ 120g
大根 180g",しょうゆ 大さじ1、みりん 大さじ1、だし 150ml,主材料を焼き色がつくまで加熱する。野菜とだしを加えて煮る。大根おろしを加え、中心まで火を通す。
33,豚ロース肉としめじの味噌炒め,主菜,30,"豚ロース肉 2枚
しめじ 120g",みそ 大さじ1、みりん 大さじ1、砂糖 小さじ1,食材を切る。主材料を炒めて中心まで火を通し、野菜を加える。合わせ調味料を加えて水分を飛ばす。
34,豚ロース肉と長ねぎの塩こうじ焼き,主菜,20,"豚ロース肉 2枚
長ねぎ 120g",塩こうじ 大さじ1.5、酒 大さじ1,主材料に塩こうじをなじませる。フライパンで両面を焼き、野菜を加えてふたをし、十分に蒸し焼きにする。
35,豚ロース肉とピーマンのトマト煮,主菜,25,"豚ロース肉 2枚
ピーマン 120g
カットトマト 200g",カットトマト 200g、コンソメ 小さじ1、塩 少々,主材料と野菜を炒める。トマトとコンソメを加え、弱めの中火で煮る。全体に火が通ったら味を整える。
36,豚ロース肉と玉ねぎのカレー炒め,主菜,30,"豚ロース肉 2枚
玉ねぎ 120g",カレー粉 小さじ1、しょうゆ 小さじ2、酒 大さじ1,主材料を炒めて火を通す。野菜を加え、カレー粉と調味料を加えて香りよく仕上げる。
37,豚ロース肉とキャベツの甘酢あん,主菜,20,"豚ロース肉 2枚
キャベツ 120g",酢 大さじ1、しょうゆ 大さじ1、砂糖 大さじ1、片栗粉 小さじ1,主材料を十分に加熱して取り出す。野菜を炒め、甘酢だれを加える。主材料を戻してとろみがつくまで絡める。
38,豚ロース肉としめじのしょうが焼き,主菜,25,"豚ロース肉 2枚
しめじ 120g",しょうゆ 大さじ1.5、みりん 大さじ1、しょうが 小さじ1,主材料と野菜を炒める。しょうが入りの調味料を加え、中心まで火を通しながら汁気を絡める。
39,豚ロース肉と長ねぎの野菜蒸し,主菜,30,"豚ロース肉 2枚
長ねぎ 120g",酒 大さじ2、塩 少々、ぽん酢 適量,フライパンに野菜と主材料を重ねる。酒を加えてふたをし、弱めの中火で中心まで蒸す。ぽん酢を添える。
40,豚ロース肉とピーマンのごまぽん酢,主菜,20,"豚ロース肉 2枚
ピーマン 120g",ぽん酢 大さじ2、すりごま 大さじ1,主材料と野菜を焼くか蒸して十分に加熱する。ぽん酢とすりごまを混ぜ、食べる直前にかける。
41,牛こま切れ肉と玉ねぎの照り焼き,主菜,20,"牛こま切れ肉 250g
玉ねぎ 120g",しょうゆ 大さじ1.5、みりん 大さじ1.5、砂糖 小さじ1,食材を食べやすく切る。主材料を中火で十分に加熱し、野菜を加える。調味料を加えて照りが出るまで絡める。
42,牛こま切れ肉とごぼうのみぞれ煮,主菜,25,"牛こま切れ肉 250g
ごぼう 120g
大根 180g",しょうゆ 大さじ1、みりん 大さじ1、だし 150ml,主材料を焼き色がつくまで加熱する。野菜とだしを加えて煮る。大根おろしを加え、中心まで火を通す。
43,牛こま切れ肉とピーマンの味噌炒め,主菜,30,"牛こま切れ肉 250g
ピーマン 120g",みそ 大さじ1、みりん 大さじ1、砂糖 小さじ1,食材を切る。主材料を炒めて中心まで火を通し、野菜を加える。合わせ調味料を加えて水分を飛ばす。
44,牛こま切れ肉としめじの塩こうじ焼き,主菜,20,"牛こま切れ肉 250g
しめじ 120g",塩こうじ 大さじ1.5、酒 大さじ1,主材料に塩こうじをなじませる。フライパンで両面を焼き、野菜を加えてふたをし、十分に蒸し焼きにする。
45,牛こま切れ肉と小松菜のトマト煮,主菜,25,"牛こま切れ肉 250g
小松菜 120g
カットトマト 200g",カットトマト 200g、コンソメ 小さじ1、塩 少々,主材料と野菜を炒める。トマトとコンソメを加え、弱めの中火で煮る。全体に火が通ったら味を整える。
46,牛こま切れ肉と玉ねぎのカレー炒め,主菜,30,"牛こま切れ肉 250g
玉ねぎ 120g",カレー粉 小さじ1、しょうゆ 小さじ2、酒 大さじ1,主材料を炒めて火を通す。野菜を加え、カレー粉と調味料を加えて香りよく仕上げる。
47,牛こま切れ肉とごぼうの甘酢あん,主菜,20,"牛こま切れ肉 250g
ごぼう 120g",酢 大さじ1、しょうゆ 大さじ1、砂糖 大さじ1、片栗粉 小さじ1,主材料を十分に加熱して取り出す。野菜を炒め、甘酢だれを加える。主材料を戻してとろみがつくまで絡める。
48,牛こま切れ肉とピーマンのしょうが焼き,主菜,25,"牛こま切れ肉 250g
ピーマン 120g",しょうゆ 大さじ1.5、みりん 大さじ1、しょうが 小さじ1,主材料と野菜を炒める。しょうが入りの調味料を加え、中心まで火を通しながら汁気を絡める。
49,牛こま切れ肉としめじの野菜蒸し,主菜,30,"牛こま切れ肉 250g
しめじ 120g",酒 大さじ2、塩 少々、ぽん酢 適量,フライパンに野菜と主材料を重ねる。酒を加えてふたをし、弱めの中火で中心まで蒸す。ぽん酢を添える。
50,牛こま切れ肉と小松菜のごまぽん酢,主菜,20,"牛こま切れ肉 250g
小松菜 120g",ぽん酢 大さじ2、すりごま 大さじ1,主材料と野菜を焼くか蒸して十分に加熱する。ぽん酢とすりごまを混ぜ、食べる直前にかける。
51,生鮭と玉ねぎの照り焼き,主菜,20,"生鮭 2切れ
玉ねぎ 120g",しょうゆ 大さじ1.5、みりん 大さじ1.5、砂糖 小さじ1,食材を食べやすく切る。主材料を中火で十分に加熱し、野菜を加える。調味料を加えて照りが出るまで絡める。
52,生鮭とキャベツのみぞれ煮,主菜,25,"生鮭 2切れ
キャベツ 120g
大根 180g",しょうゆ 大さじ1、みりん 大さじ1、だし 150ml,主材料を焼き色がつくまで加熱する。野菜とだしを加えて煮る。大根おろしを加え、中心まで火を通す。
53,生鮭としめじの味噌炒め,主菜,30,"生鮭 2切れ
しめじ 120g",みそ 大さじ1、みりん 大さじ1、砂糖 小さじ1,食材を切る。主材料を炒めて中心まで火を通し、野菜を加える。合わせ調味料を加えて水分を飛ばす。
54,生鮭とブロッコリーの塩こうじ焼き,主菜,20,"生鮭 2切れ
ブロッコリー 120g",塩こうじ 大さじ1.5、酒 大さじ1,主材料に塩こうじをなじませる。フライパンで両面を焼き、野菜を加えてふたをし、十分に蒸し焼きにする。
55,生鮭と長ねぎのトマト煮,主菜,25,"生鮭 2切れ
長ねぎ 120g
カットトマト 200g",カットトマト 200g、コンソメ 小さじ1、塩 少々,主材料と野菜を炒める。トマトとコンソメを加え、弱めの中火で煮る。全体に火が通ったら味を整える。
56,生鮭と玉ねぎのカレー炒め,主菜,30,"生鮭 2切れ
玉ねぎ 120g",カレー粉 小さじ1、しょうゆ 小さじ2、酒 大さじ1,主材料を炒めて火を通す。野菜を加え、カレー粉と調味料を加えて香りよく仕上げる。
57,生鮭とキャベツの甘酢あん,主菜,20,"生鮭 2切れ
キャベツ 120g",酢 大さじ1、しょうゆ 大さじ1、砂糖 大さじ1、片栗粉 小さじ1,主材料を十分に加熱して取り出す。野菜を炒め、甘酢だれを加える。主材料を戻してとろみがつくまで絡める。
58,生鮭としめじのしょうが焼き,主菜,25,"生鮭 2切れ
しめじ 120g",しょうゆ 大さじ1.5、みりん 大さじ1、しょうが 小さじ1,主材料と野菜を炒める。しょうが入りの調味料を加え、中心まで火を通しながら汁気を絡める。
59,生鮭とブロッコリーの野菜蒸し,主菜,30,"生鮭 2切れ
ブロッコリー 120g",酒 大さじ2、塩 少々、ぽん酢 適量,フライパンに野菜と主材料を重ねる。酒を加えてふたをし、弱めの中火で中心まで蒸す。ぽん酢を添える。
60,生鮭と長ねぎのごまぽん酢,主菜,20,"生鮭 2切れ
長ねぎ 120g",ぽん酢 大さじ2、すりごま 大さじ1,主材料と野菜を焼くか蒸して十分に加熱する。ぽん酢とすりごまを混ぜ、食べる直前にかける。
61,さばと長ねぎの照り焼き,主菜,20,"さば 2切れ
長ねぎ 120g",しょうゆ 大さじ1.5、みりん 大さじ1.5、砂糖 小さじ1,食材を食べやすく切る。主材料を中火で十分に加熱し、野菜を加える。調味料を加えて照りが出るまで絡める。
62,さばと大根のみぞれ煮,主菜,25,"さば 2切れ
大根 120g
大根 180g",しょうゆ 大さじ1、みりん 大さじ1、だし 150ml,主材料を焼き色がつくまで加熱する。野菜とだしを加えて煮る。大根おろしを加え、中心まで火を通す。
63,さばとしめじの味噌炒め,主菜,30,"さば 2切れ
しめじ 120g",みそ 大さじ1、みりん 大さじ1、砂糖 小さじ1,食材を切る。主材料を炒めて中心まで火を通し、野菜を加える。合わせ調味料を加えて水分を飛ばす。
64,さばと玉ねぎの塩こうじ焼き,主菜,20,"さば 2切れ
玉ねぎ 120g",塩こうじ 大さじ1.5、酒 大さじ1,主材料に塩こうじをなじませる。フライパンで両面を焼き、野菜を加えてふたをし、十分に蒸し焼きにする。
65,さばと小松菜のトマト煮,主菜,25,"さば 2切れ
小松菜 120g
カットトマト 200g",カットトマト 200g、コンソメ 小さじ1、塩 少々,主材料と野菜を炒める。トマトとコンソメを加え、弱めの中火で煮る。全体に火が通ったら味を整える。
66,さばと長ねぎのカレー炒め,主菜,30,"さば 2切れ
長ねぎ 120g",カレー粉 小さじ1、しょうゆ 小さじ2、酒 大さじ1,主材料を炒めて火を通す。野菜を加え、カレー粉と調味料を加えて香りよく仕上げる。
67,さばと大根の甘酢あん,主菜,20,"さば 2切れ
大根 120g",酢 大さじ1、しょうゆ 大さじ1、砂糖 大さじ1、片栗粉 小さじ1,主材料を十分に加熱して取り出す。野菜を炒め、甘酢だれを加える。主材料を戻してとろみがつくまで絡める。
68,さばとしめじのしょうが焼き,主菜,25,"さば 2切れ
しめじ 120g",しょうゆ 大さじ1.5、みりん 大さじ1、しょうが 小さじ1,主材料と野菜を炒める。しょうが入りの調味料を加え、中心まで火を通しながら汁気を絡める。
69,さばと玉ねぎの野菜蒸し,主菜,30,"さば 2切れ
玉ねぎ 120g",酒 大さじ2、塩 少々、ぽん酢 適量,フライパンに野菜と主材料を重ねる。酒を加えてふたをし、弱めの中火で中心まで蒸す。ぽん酢を添える。
70,さばと小松菜のごまぽん酢,主菜,20,"さば 2切れ
小松菜 120g",ぽん酢 大さじ2、すりごま 大さじ1,主材料と野菜を焼くか蒸して十分に加熱する。ぽん酢とすりごまを混ぜ、食べる直前にかける。
71,たらと長ねぎの照り焼き,主菜,20,"たら 2切れ
長ねぎ 120g",しょうゆ 大さじ1.5、みりん 大さじ1.5、砂糖 小さじ1,食材を食べやすく切る。主材料を中火で十分に加熱し、野菜を加える。調味料を加えて照りが出るまで絡める。
72,たらと白菜のみぞれ煮,主菜,25,"たら 2切れ
白菜 120g
大根 180g",しょうゆ 大さじ1、みりん 大さじ1、だし 150ml,主材料を焼き色がつくまで加熱する。野菜とだしを加えて煮る。大根おろしを加え、中心まで火を通す。
73,たらとしめじの味噌炒め,主菜,30,"たら 2切れ
しめじ 120g",みそ 大さじ1、みりん 大さじ1、砂糖 小さじ1,食材を切る。主材料を炒めて中心まで火を通し、野菜を加える。合わせ調味料を加えて水分を飛ばす。
74,たらとブロッコリーの塩こうじ焼き,主菜,20,"たら 2切れ
ブロッコリー 120g",塩こうじ 大さじ1.5、酒 大さじ1,主材料に塩こうじをなじませる。フライパンで両面を焼き、野菜を加えてふたをし、十分に蒸し焼きにする。
75,たらと玉ねぎのトマト煮,主菜,25,"たら 2切れ
玉ねぎ 120g
カットトマト 200g",カットトマト 200g、コンソメ 小さじ1、塩 少々,主材料と野菜を炒める。トマトとコンソメを加え、弱めの中火で煮る。全体に火が通ったら味を整える。
76,たらと長ねぎのカレー炒め,主菜,30,"たら 2切れ
長ねぎ 120g",カレー粉 小さじ1、しょうゆ 小さじ2、酒 大さじ1,主材料を炒めて火を通す。野菜を加え、カレー粉と調味料を加えて香りよく仕上げる。
77,たらと白菜の甘酢あん,主菜,20,"たら 2切れ
白菜 120g",酢 大さじ1、しょうゆ 大さじ1、砂糖 大さじ1、片栗粉 小さじ1,主材料を十分に加熱して取り出す。野菜を炒め、甘酢だれを加える。主材料を戻してとろみがつくまで絡める。
78,たらとしめじのしょうが焼き,主菜,25,"たら 2切れ
しめじ 120g",しょうゆ 大さじ1.5、みりん 大さじ1、しょうが 小さじ1,主材料と野菜を炒める。しょうが入りの調味料を加え、中心まで火を通しながら汁気を絡める。
79,たらとブロッコリーの野菜蒸し,主菜,30,"たら 2切れ
ブロッコリー 120g",酒 大さじ2、塩 少々、ぽん酢 適量,フライパンに野菜と主材料を重ねる。酒を加えてふたをし、弱めの中火で中心まで蒸す。ぽん酢を添える。
80,たらと玉ねぎのごまぽん酢,主菜,20,"たら 2切れ
玉ねぎ 120g",ぽん酢 大さじ2、すりごま 大さじ1,主材料と野菜を焼くか蒸して十分に加熱する。ぽん酢とすりごまを混ぜ、食べる直前にかける。
81,むきえびとブロッコリーの照り焼き,主菜,20,"むきえび 200g
ブロッコリー 120g",しょうゆ 大さじ1.5、みりん 大さじ1.5、砂糖 小さじ1,食材を食べやすく切る。主材料を中火で十分に加熱し、野菜を加える。調味料を加えて照りが出るまで絡める。
82,むきえびと玉ねぎのみぞれ煮,主菜,25,"むきえび 200g
玉ねぎ 120g
大根 180g",しょうゆ 大さじ1、みりん 大さじ1、だし 150ml,主材料を焼き色がつくまで加熱する。野菜とだしを加えて煮る。大根おろしを加え、中心まで火を通す。
83,むきえびと小松菜の味噌炒め,主菜,30,"むきえび 200g
小松菜 120g",みそ 大さじ1、みりん 大さじ1、砂糖 小さじ1,食材を切る。主材料を炒めて中心まで火を通し、野菜を加える。合わせ調味料を加えて水分を飛ばす。
84,むきえびとキャベツの塩こうじ焼き,主菜,20,"むきえび 200g
キャベツ 120g",塩こうじ 大さじ1.5、酒 大さじ1,主材料に塩こうじをなじませる。フライパンで両面を焼き、野菜を加えてふたをし、十分に蒸し焼きにする。
85,むきえびとしめじのトマト煮,主菜,25,"むきえび 200g
しめじ 120g
カットトマト 200g",カットトマト 200g、コンソメ 小さじ1、塩 少々,主材料と野菜を炒める。トマトとコンソメを加え、弱めの中火で煮る。全体に火が通ったら味を整える。
86,むきえびとブロッコリーのカレー炒め,主菜,30,"むきえび 200g
ブロッコリー 120g",カレー粉 小さじ1、しょうゆ 小さじ2、酒 大さじ1,主材料を炒めて火を通す。野菜を加え、カレー粉と調味料を加えて香りよく仕上げる。
87,むきえびと玉ねぎの甘酢あん,主菜,20,"むきえび 200g
玉ねぎ 120g",酢 大さじ1、しょうゆ 大さじ1、砂糖 大さじ1、片栗粉 小さじ1,主材料を十分に加熱して取り出す。野菜を炒め、甘酢だれを加える。主材料を戻してとろみがつくまで絡める。
88,むきえびと小松菜のしょうが焼き,主菜,25,"むきえび 200g
小松菜 120g",しょうゆ 大さじ1.5、みりん 大さじ1、しょうが 小さじ1,主材料と野菜を炒める。しょうが入りの調味料を加え、中心まで火を通しながら汁気を絡める。
89,むきえびとキャベツの野菜蒸し,主菜,30,"むきえび 200g
キャベツ 120g",酒 大さじ2、塩 少々、ぽん酢 適量,フライパンに野菜と主材料を重ねる。酒を加えてふたをし、弱めの中火で中心まで蒸す。ぽん酢を添える。
90,むきえびとしめじのごまぽん酢,主菜,20,"むきえび 200g
しめじ 120g",ぽん酢 大さじ2、すりごま 大さじ1,主材料と野菜を焼くか蒸して十分に加熱する。ぽん酢とすりごまを混ぜ、食べる直前にかける。
91,木綿豆腐とにらの照り焼き,主菜,20,"木綿豆腐 1丁
にら 120g
しめじ 80g",しょうゆ 大さじ1.5、みりん 大さじ1.5、砂糖 小さじ1,食材を食べやすく切る。主材料を中火で十分に加熱し、野菜を加える。調味料を加えて照りが出るまで絡める。
92,木綿豆腐と長ねぎのみぞれ煮,主菜,25,"木綿豆腐 1丁
長ねぎ 120g
大根 180g",しょうゆ 大さじ1、みりん 大さじ1、だし 150ml,主材料を焼き色がつくまで加熱する。野菜とだしを加えて煮る。大根おろしを加え、中心まで火を通す。
93,木綿豆腐としめじの味噌炒め,主菜,30,"木綿豆腐 1丁
しめじ 120g",みそ 大さじ1、みりん 大さじ1、砂糖 小さじ1,食材を切る。主材料を炒めて中心まで火を通し、野菜を加える。合わせ調味料を加えて水分を飛ばす。
94,木綿豆腐と小松菜の塩こうじ焼き,主菜,20,"木綿豆腐 1丁
小松菜 120g
しめじ 80g",塩こうじ 大さじ1.5、酒 大さじ1,主材料に塩こうじをなじませる。フライパンで両面を焼き、野菜を加えてふたをし、十分に蒸し焼きにする。
95,木綿豆腐と白菜のトマト煮,主菜,25,"木綿豆腐 1丁
白菜 120g
カットトマト 200g",カットトマト 200g、コンソメ 小さじ1、塩 少々,主材料と野菜を炒める。トマトとコンソメを加え、弱めの中火で煮る。全体に火が通ったら味を整える。
96,木綿豆腐とにらのカレー炒め,主菜,30,"木綿豆腐 1丁
にら 120g",カレー粉 小さじ1、しょうゆ 小さじ2、酒 大さじ1,主材料を炒めて火を通す。野菜を加え、カレー粉と調味料を加えて香りよく仕上げる。
97,木綿豆腐と長ねぎの甘酢あん,主菜,20,"木綿豆腐 1丁
長ねぎ 120g
しめじ 80g",酢 大さじ1、しょうゆ 大さじ1、砂糖 大さじ1、片栗粉 小さじ1,主材料を十分に加熱して取り出す。野菜を炒め、甘酢だれを加える。主材料を戻してとろみがつくまで絡める。
98,木綿豆腐としめじのしょうが焼き,主菜,25,"木綿豆腐 1丁
しめじ 120g",しょうゆ 大さじ1.5、みりん 大さじ1、しょうが 小さじ1,主材料と野菜を炒める。しょうが入りの調味料を加え、中心まで火を通しながら汁気を絡める。
99,木綿豆腐と小松菜の野菜蒸し,主菜,30,"木綿豆腐 1丁
小松菜 120g",酒 大さじ2、塩 少々、ぽん酢 適量,フライパンに野菜と主材料を重ねる。酒を加えてふたをし、弱めの中火で中心まで蒸す。ぽん酢を添える。
100,木綿豆腐と白菜のごまぽん酢,主菜,20,"木綿豆腐 1丁
白菜 120g
しめじ 80g",ぽん酢 大さじ2、すりごま 大さじ1,主材料と野菜を焼くか蒸して十分に加熱する。ぽん酢とすりごまを混ぜ、食べる直前にかける。
101,厚揚げと小松菜の照り焼き,主菜,20,"厚揚げ 2枚
小松菜 120g
しめじ 80g",しょうゆ 大さじ1.5、みりん 大さじ1.5、砂糖 小さじ1,食材を食べやすく切る。主材料を中火で十分に加熱し、野菜を加える。調味料を加えて照りが出るまで絡める。
102,厚揚げと長ねぎのみぞれ煮,主菜,25,"厚揚げ 2枚
長ねぎ 120g
大根 180g",しょうゆ 大さじ1、みりん 大さじ1、だし 150ml,主材料を焼き色がつくまで加熱する。野菜とだしを加えて煮る。大根おろしを加え、中心まで火を通す。
103,厚揚げとしめじの味噌炒め,主菜,30,"厚揚げ 2枚
しめじ 120g",みそ 大さじ1、みりん 大さじ1、砂糖 小さじ1,食材を切る。主材料を炒めて中心まで火を通し、野菜を加える。合わせ調味料を加えて水分を飛ばす。
104,厚揚げとキャベツの塩こうじ焼き,主菜,20,"厚揚げ 2枚
キャベツ 120g
しめじ 80g",塩こうじ 大さじ1.5、酒 大さじ1,主材料に塩こうじをなじませる。フライパンで両面を焼き、野菜を加えてふたをし、十分に蒸し焼きにする。
105,厚揚げとにらのトマト煮,主菜,25,"厚揚げ 2枚
にら 120g
カットトマト 200g",カットトマト 200g、コンソメ 小さじ1、塩 少々,主材料と野菜を炒める。トマトとコンソメを加え、弱めの中火で煮る。全体に火が通ったら味を整える。
106,厚揚げと小松菜のカレー炒め,主菜,30,"厚揚げ 2枚
小松菜 120g",カレー粉 小さじ1、しょうゆ 小さじ2、酒 大さじ1,主材料を炒めて火を通す。野菜を加え、カレー粉と調味料を加えて香りよく仕上げる。
107,厚揚げと長ねぎの甘酢あん,主菜,20,"厚揚げ 2枚
長ねぎ 120g
しめじ 80g",酢 大さじ1、しょうゆ 大さじ1、砂糖 大さじ1、片栗粉 小さじ1,主材料を十分に加熱して取り出す。野菜を炒め、甘酢だれを加える。主材料を戻してとろみがつくまで絡める。
108,厚揚げとしめじのしょうが焼き,主菜,25,"厚揚げ 2枚
しめじ 120g",しょうゆ 大さじ1.5、みりん 大さじ1、しょうが 小さじ1,主材料と野菜を炒める。しょうが入りの調味料を加え、中心まで火を通しながら汁気を絡める。
109,厚揚げとキャベツの野菜蒸し,主菜,30,"厚揚げ 2枚
キャベツ 120g",酒 大さじ2、塩 少々、ぽん酢 適量,フライパンに野菜と主材料を重ねる。酒を加えてふたをし、弱めの中火で中心まで蒸す。ぽん酢を添える。
110,厚揚げとにらのごまぽん酢,主菜,20,"厚揚げ 2枚
にら 120g
しめじ 80g",ぽん酢 大さじ2、すりごま 大さじ1,主材料と野菜を焼くか蒸して十分に加熱する。ぽん酢とすりごまを混ぜ、食べる直前にかける。
111,卵と玉ねぎの照り焼き,主菜,20,"卵 4個
玉ねぎ 120g
しめじ 80g",しょうゆ 大さじ1.5、みりん 大さじ1.5、砂糖 小さじ1,食材を食べやすく切る。主材料を中火で十分に加熱し、野菜を加える。調味料を加えて照りが出るまで絡める。
112,卵と小松菜のみぞれ煮,主菜,25,"卵 4個
小松菜 120g
大根 180g",しょうゆ 大さじ1、みりん 大さじ1、だし 150ml,主材料を焼き色がつくまで加熱する。野菜とだしを加えて煮る。大根おろしを加え、中心まで火を通す。
113,卵としめじの味噌炒め,主菜,30,"卵 4個
しめじ 120g",みそ 大さじ1、みりん 大さじ1、砂糖 小さじ1,食材を切る。主材料を炒めて中心まで火を通し、野菜を加える。合わせ調味料を加えて水分を飛ばす。
114,卵とトマトの塩こうじ焼き,主菜,20,"卵 4個
トマト 120g
しめじ 80g",塩こうじ 大さじ1.5、酒 大さじ1,主材料に塩こうじをなじませる。フライパンで両面を焼き、野菜を加えてふたをし、十分に蒸し焼きにする。
115,卵とにらのトマト煮,主菜,25,"卵 4個
にら 120g
カットトマト 200g",カットトマト 200g、コンソメ 小さじ1、塩 少々,主材料と野菜を炒める。トマトとコンソメを加え、弱めの中火で煮る。全体に火が通ったら味を整える。
116,卵と玉ねぎのカレー炒め,主菜,30,"卵 4個
玉ねぎ 120g",カレー粉 小さじ1、しょうゆ 小さじ2、酒 大さじ1,主材料を炒めて火を通す。野菜を加え、カレー粉と調味料を加えて香りよく仕上げる。
117,卵と小松菜の甘酢あん,主菜,20,"卵 4個
小松菜 120g
しめじ 80g",酢 大さじ1、しょうゆ 大さじ1、砂糖 大さじ1、片栗粉 小さじ1,主材料を十分に加熱して取り出す。野菜を炒め、甘酢だれを加える。主材料を戻してとろみがつくまで絡める。
118,卵としめじのしょうが焼き,主菜,25,"卵 4個
しめじ 120g",しょうゆ 大さじ1.5、みりん 大さじ1、しょうが 小さじ1,主材料と野菜を炒める。しょうが入りの調味料を加え、中心まで火を通しながら汁気を絡める。
119,卵とトマトの野菜蒸し,主菜,30,"卵 4個
トマト 120g",酒 大さじ2、塩 少々、ぽん酢 適量,フライパンに野菜と主材料を重ねる。酒を加えてふたをし、弱めの中火で中心まで蒸す。ぽん酢を添える。
120,卵とにらのごまぽん酢,主菜,20,"卵 4個
にら 120g
しめじ 80g",ぽん酢 大さじ2、すりごま 大さじ1,主材料と野菜を焼くか蒸して十分に加熱する。ぽん酢とすりごまを混ぜ、食べる直前にかける。
121,小松菜のごま和え,副菜,10,"小松菜 1束
にんじん 50g",すりごま 大さじ1、しょうゆ 小さじ2、砂糖 小さじ1,食材を食べやすく切り、必要に応じて加熱する。水気をよく切り、調味料で和える。
122,小松菜のおかか和え,副菜,10,"小松菜 1束
にんじん 50g",かつお節 1袋、しょうゆ 小さじ2,食材を加熱または塩もみし、水気を切る。かつお節としょうゆで和える。
123,小松菜の塩昆布和え,副菜,10,"小松菜 1束
にんじん 50g",塩昆布 8g、ごま油 小さじ1,食材を食べやすく切り、硬いものは加熱する。塩昆布とごま油を混ぜ、味をなじませる。
124,小松菜のナムル,副菜,10,"小松菜 1束
にんじん 50g",鶏がらスープの素 小さじ1/2、ごま油 小さじ1、白ごま 小さじ1,食材を加熱して水気を切る。調味料を加えて全体をよく和える。
125,小松菜の蒸しサラダ,副菜,15,"小松菜 1束
にんじん 50g",オリーブ油 小さじ2、酢 小さじ2、塩 少々,食材を蒸すか電子レンジで加熱する。粗熱を取り、ドレッシングで和える。
126,ほうれん草のごま和え,副菜,10,"ほうれん草 1束
にんじん 50g",すりごま 大さじ1、しょうゆ 小さじ2、砂糖 小さじ1,食材を食べやすく切り、必要に応じて加熱する。水気をよく切り、調味料で和える。
127,ほうれん草のおかか和え,副菜,10,"ほうれん草 1束
にんじん 50g",かつお節 1袋、しょうゆ 小さじ2,食材を加熱または塩もみし、水気を切る。かつお節としょうゆで和える。
128,ほうれん草の塩昆布和え,副菜,10,"ほうれん草 1束
にんじん 50g",塩昆布 8g、ごま油 小さじ1,食材を食べやすく切り、硬いものは加熱する。塩昆布とごま油を混ぜ、味をなじませる。
129,ほうれん草のナムル,副菜,10,"ほうれん草 1束
にんじん 50g",鶏がらスープの素 小さじ1/2、ごま油 小さじ1、白ごま 小さじ1,食材を加熱して水気を切る。調味料を加えて全体をよく和える。
130,ほうれん草の蒸しサラダ,副菜,15,"ほうれん草 1束
にんじん 50g",オリーブ油 小さじ2、酢 小さじ2、塩 少々,食材を蒸すか電子レンジで加熱する。粗熱を取り、ドレッシングで和える。
131,ブロッコリーのごま和え,副菜,10,ブロッコリー 1株,すりごま 大さじ1、しょうゆ 小さじ2、砂糖 小さじ1,食材を食べやすく切り、必要に応じて加熱する。水気をよく切り、調味料で和える。
132,ブロッコリーのおかか和え,副菜,10,ブロッコリー 1株,かつお節 1袋、しょうゆ 小さじ2,食材を加熱または塩もみし、水気を切る。かつお節としょうゆで和える。
133,ブロッコリーの塩昆布和え,副菜,10,ブロッコリー 1株,塩昆布 8g、ごま油 小さじ1,食材を食べやすく切り、硬いものは加熱する。塩昆布とごま油を混ぜ、味をなじませる。
134,ブロッコリーのナムル,副菜,10,ブロッコリー 1株,鶏がらスープの素 小さじ1/2、ごま油 小さじ1、白ごま 小さじ1,食材を加熱して水気を切る。調味料を加えて全体をよく和える。
135,ブロッコリーの蒸しサラダ,副菜,15,ブロッコリー 1株,オリーブ油 小さじ2、酢 小さじ2、塩 少々,食材を蒸すか電子レンジで加熱する。粗熱を取り、ドレッシングで和える。
136,キャベツのごま和え,副菜,10,キャベツ 200g,すりごま 大さじ1、しょうゆ 小さじ2、砂糖 小さじ1,食材を食べやすく切り、必要に応じて加熱する。水気をよく切り、調味料で和える。
137,キャベツのおかか和え,副菜,10,キャベツ 200g,かつお節 1袋、しょうゆ 小さじ2,食材を加熱または塩もみし、水気を切る。かつお節としょうゆで和える。
138,キャベツの塩昆布和え,副菜,10,キャベツ 200g,塩昆布 8g、ごま油 小さじ1,食材を食べやすく切り、硬いものは加熱する。塩昆布とごま油を混ぜ、味をなじませる。
139,キャベツのナムル,副菜,10,キャベツ 200g,鶏がらスープの素 小さじ1/2、ごま油 小さじ1、白ごま 小さじ1,食材を加熱して水気を切る。調味料を加えて全体をよく和える。
140,キャベツの蒸しサラダ,副菜,15,キャベツ 200g,オリーブ油 小さじ2、酢 小さじ2、塩 少々,食材を蒸すか電子レンジで加熱する。粗熱を取り、ドレッシングで和える。
141,白菜のごま和え,副菜,10,白菜 200g,すりごま 大さじ1、しょうゆ 小さじ2、砂糖 小さじ1,食材を食べやすく切り、必要に応じて加熱する。水気をよく切り、調味料で和える。
142,白菜のおかか和え,副菜,10,白菜 200g,かつお節 1袋、しょうゆ 小さじ2,食材を加熱または塩もみし、水気を切る。かつお節としょうゆで和える。
143,白菜の塩昆布和え,副菜,10,白菜 200g,塩昆布 8g、ごま油 小さじ1,食材を食べやすく切り、硬いものは加熱する。塩昆布とごま油を混ぜ、味をなじませる。
144,白菜のナムル,副菜,10,白菜 200g,鶏がらスープの素 小さじ1/2、ごま油 小さじ1、白ごま 小さじ1,食材を加熱して水気を切る。調味料を加えて全体をよく和える。
145,白菜の蒸しサラダ,副菜,15,白菜 200g,オリーブ油 小さじ2、酢 小さじ2、塩 少々,食材を蒸すか電子レンジで加熱する。粗熱を取り、ドレッシングで和える。
146,もやしのごま和え,副菜,10,もやし 1袋,すりごま 大さじ1、しょうゆ 小さじ2、砂糖 小さじ1,食材を食べやすく切り、必要に応じて加熱する。水気をよく切り、調味料で和える。
147,もやしのおかか和え,副菜,10,もやし 1袋,かつお節 1袋、しょうゆ 小さじ2,食材を加熱または塩もみし、水気を切る。かつお節としょうゆで和える。
148,もやしの塩昆布和え,副菜,10,もやし 1袋,塩昆布 8g、ごま油 小さじ1,食材を食べやすく切り、硬いものは加熱する。塩昆布とごま油を混ぜ、味をなじませる。
149,もやしのナムル,副菜,10,もやし 1袋,鶏がらスープの素 小さじ1/2、ごま油 小さじ1、白ごま 小さじ1,食材を加熱して水気を切る。調味料を加えて全体をよく和える。
150,もやしの蒸しサラダ,副菜,15,もやし 1袋,オリーブ油 小さじ2、酢 小さじ2、塩 少々,食材を蒸すか電子レンジで加熱する。粗熱を取り、ドレッシングで和える。
151,にんじんのごま和え,副菜,10,にんじん 1本,すりごま 大さじ1、しょうゆ 小さじ2、砂糖 小さじ1,食材を食べやすく切り、必要に応じて加熱する。水気をよく切り、調味料で和える。
152,にんじんのおかか和え,副菜,10,にんじん 1本,かつお節 1袋、しょうゆ 小さじ2,食材を加熱または塩もみし、水気を切る。かつお節としょうゆで和える。
153,にんじんの塩昆布和え,副菜,10,にんじん 1本,塩昆布 8g、ごま油 小さじ1,食材を食べやすく切り、硬いものは加熱する。塩昆布とごま油を混ぜ、味をなじませる。
154,にんじんのナムル,副菜,10,にんじん 1本,鶏がらスープの素 小さじ1/2、ごま油 小さじ1、白ごま 小さじ1,食材を加熱して水気を切る。調味料を加えて全体をよく和える。
155,にんじんの蒸しサラダ,副菜,15,にんじん 1本,オリーブ油 小さじ2、酢 小さじ2、塩 少々,食材を蒸すか電子レンジで加熱する。粗熱を取り、ドレッシングで和える。
156,大根のごま和え,副菜,10,大根 250g,すりごま 大さじ1、しょうゆ 小さじ2、砂糖 小さじ1,食材を食べやすく切り、必要に応じて加熱する。水気をよく切り、調味料で和える。
157,大根のおかか和え,副菜,10,大根 250g,かつお節 1袋、しょうゆ 小さじ2,食材を加熱または塩もみし、水気を切る。かつお節としょうゆで和える。
158,大根の塩昆布和え,副菜,10,大根 250g,塩昆布 8g、ごま油 小さじ1,食材を食べやすく切り、硬いものは加熱する。塩昆布とごま油を混ぜ、味をなじませる。
159,大根のナムル,副菜,10,大根 250g,鶏がらスープの素 小さじ1/2、ごま油 小さじ1、白ごま 小さじ1,食材を加熱して水気を切る。調味料を加えて全体をよく和える。
160,大根の蒸しサラダ,副菜,15,大根 250g,オリーブ油 小さじ2、酢 小さじ2、塩 少々,食材を蒸すか電子レンジで加熱する。粗熱を取り、ドレッシングで和える。
161,ごぼうのごま和え,副菜,10,ごぼう 1本,すりごま 大さじ1、しょうゆ 小さじ2、砂糖 小さじ1,食材を食べやすく切り、必要に応じて加熱する。水気をよく切り、調味料で和える。
162,ごぼうのおかか和え,副菜,10,ごぼう 1本,かつお節 1袋、しょうゆ 小さじ2,食材を加熱または塩もみし、水気を切る。かつお節としょうゆで和える。
163,ごぼうの塩昆布和え,副菜,10,ごぼう 1本,塩昆布 8g、ごま油 小さじ1,食材を食べやすく切り、硬いものは加熱する。塩昆布とごま油を混ぜ、味をなじませる。
164,ごぼうのナムル,副菜,10,ごぼう 1本,鶏がらスープの素 小さじ1/2、ごま油 小さじ1、白ごま 小さじ1,食材を加熱して水気を切る。調味料を加えて全体をよく和える。
165,ごぼうの蒸しサラダ,副菜,15,ごぼう 1本,オリーブ油 小さじ2、酢 小さじ2、塩 少々,食材を蒸すか電子レンジで加熱する。粗熱を取り、ドレッシングで和える。
166,れんこんのごま和え,副菜,10,れんこん 180g,すりごま 大さじ1、しょうゆ 小さじ2、砂糖 小さじ1,食材を食べやすく切り、必要に応じて加熱する。水気をよく切り、調味料で和える。
167,れんこんのおかか和え,副菜,10,れんこん 180g,かつお節 1袋、しょうゆ 小さじ2,食材を加熱または塩もみし、水気を切る。かつお節としょうゆで和える。
168,れんこんの塩昆布和え,副菜,10,れんこん 180g,塩昆布 8g、ごま油 小さじ1,食材を食べやすく切り、硬いものは加熱する。塩昆布とごま油を混ぜ、味をなじませる。
169,れんこんのナムル,副菜,10,れんこん 180g,鶏がらスープの素 小さじ1/2、ごま油 小さじ1、白ごま 小さじ1,食材を加熱して水気を切る。調味料を加えて全体をよく和える。
170,れんこんの蒸しサラダ,副菜,15,れんこん 180g,オリーブ油 小さじ2、酢 小さじ2、塩 少々,食材を蒸すか電子レンジで加熱する。粗熱を取り、ドレッシングで和える。
171,かぼちゃのごま和え,副菜,10,"かぼちゃ 250g
玉ねぎ 50g",すりごま 大さじ1、しょうゆ 小さじ2、砂糖 小さじ1,食材を食べやすく切り、必要に応じて加熱する。水気をよく切り、調味料で和える。
172,かぼちゃのおかか和え,副菜,10,"かぼちゃ 250g
玉ねぎ 50g",かつお節 1袋、しょうゆ 小さじ2,食材を加熱または塩もみし、水気を切る。かつお節としょうゆで和える。
173,かぼちゃの塩昆布和え,副菜,10,"かぼちゃ 250g
玉ねぎ 50g",塩昆布 8g、ごま油 小さじ1,食材を食べやすく切り、硬いものは加熱する。塩昆布とごま油を混ぜ、味をなじませる。
174,かぼちゃのナムル,副菜,10,"かぼちゃ 250g
玉ねぎ 50g",鶏がらスープの素 小さじ1/2、ごま油 小さじ1、白ごま 小さじ1,食材を加熱して水気を切る。調味料を加えて全体をよく和える。
175,かぼちゃの蒸しサラダ,副菜,15,"かぼちゃ 250g
玉ねぎ 50g",オリーブ油 小さじ2、酢 小さじ2、塩 少々,食材を蒸すか電子レンジで加熱する。粗熱を取り、ドレッシングで和える。
176,じゃがいものごま和え,副菜,10,"じゃがいも 2個
玉ねぎ 50g",すりごま 大さじ1、しょうゆ 小さじ2、砂糖 小さじ1,食材を食べやすく切り、必要に応じて加熱する。水気をよく切り、調味料で和える。
177,じゃがいものおかか和え,副菜,10,"じゃがいも 2個
玉ねぎ 50g",かつお節 1袋、しょうゆ 小さじ2,食材を加熱または塩もみし、水気を切る。かつお節としょうゆで和える。
178,じゃがいもの塩昆布和え,副菜,10,"じゃがいも 2個
玉ねぎ 50g",塩昆布 8g、ごま油 小さじ1,食材を食べやすく切り、硬いものは加熱する。塩昆布とごま油を混ぜ、味をなじませる。
179,じゃがいものナムル,副菜,10,"じゃがいも 2個
玉ねぎ 50g",鶏がらスープの素 小さじ1/2、ごま油 小さじ1、白ごま 小さじ1,食材を加熱して水気を切る。調味料を加えて全体をよく和える。
180,じゃがいもの蒸しサラダ,副菜,15,"じゃがいも 2個
玉ねぎ 50g",オリーブ油 小さじ2、酢 小さじ2、塩 少々,食材を蒸すか電子レンジで加熱する。粗熱を取り、ドレッシングで和える。
181,さつまいものごま和え,副菜,10,"さつまいも 1本
玉ねぎ 50g",すりごま 大さじ1、しょうゆ 小さじ2、砂糖 小さじ1,食材を食べやすく切り、必要に応じて加熱する。水気をよく切り、調味料で和える。
182,さつまいものおかか和え,副菜,10,"さつまいも 1本
玉ねぎ 50g",かつお節 1袋、しょうゆ 小さじ2,食材を加熱または塩もみし、水気を切る。かつお節としょうゆで和える。
183,さつまいもの塩昆布和え,副菜,10,"さつまいも 1本
玉ねぎ 50g",塩昆布 8g、ごま油 小さじ1,食材を食べやすく切り、硬いものは加熱する。塩昆布とごま油を混ぜ、味をなじませる。
184,さつまいものナムル,副菜,10,"さつまいも 1本
玉ねぎ 50g",鶏がらスープの素 小さじ1/2、ごま油 小さじ1、白ごま 小さじ1,食材を加熱して水気を切る。調味料を加えて全体をよく和える。
185,さつまいもの蒸しサラダ,副菜,15,"さつまいも 1本
玉ねぎ 50g",オリーブ油 小さじ2、酢 小さじ2、塩 少々,食材を蒸すか電子レンジで加熱する。粗熱を取り、ドレッシングで和える。
186,なすのごま和え,副菜,10,なす 2本,すりごま 大さじ1、しょうゆ 小さじ2、砂糖 小さじ1,食材を食べやすく切り、必要に応じて加熱する。水気をよく切り、調味料で和える。
187,なすのおかか和え,副菜,10,なす 2本,かつお節 1袋、しょうゆ 小さじ2,食材を加熱または塩もみし、水気を切る。かつお節としょうゆで和える。
188,なすの塩昆布和え,副菜,10,なす 2本,塩昆布 8g、ごま油 小さじ1,食材を食べやすく切り、硬いものは加熱する。塩昆布とごま油を混ぜ、味をなじませる。
189,なすのナムル,副菜,10,なす 2本,鶏がらスープの素 小さじ1/2、ごま油 小さじ1、白ごま 小さじ1,食材を加熱して水気を切る。調味料を加えて全体をよく和える。
190,なすの蒸しサラダ,副菜,15,なす 2本,オリーブ油 小さじ2、酢 小さじ2、塩 少々,食材を蒸すか電子レンジで加熱する。粗熱を取り、ドレッシングで和える。
191,ピーマンのごま和え,副菜,10,ピーマン 4個,すりごま 大さじ1、しょうゆ 小さじ2、砂糖 小さじ1,食材を食べやすく切り、必要に応じて加熱する。水気をよく切り、調味料で和える。
192,ピーマンのおかか和え,副菜,10,ピーマン 4個,かつお節 1袋、しょうゆ 小さじ2,食材を加熱または塩もみし、水気を切る。かつお節としょうゆで和える。
193,ピーマンの塩昆布和え,副菜,10,ピーマン 4個,塩昆布 8g、ごま油 小さじ1,食材を食べやすく切り、硬いものは加熱する。塩昆布とごま油を混ぜ、味をなじませる。
194,ピーマンのナムル,副菜,10,ピーマン 4個,鶏がらスープの素 小さじ1/2、ごま油 小さじ1、白ごま 小さじ1,食材を加熱して水気を切る。調味料を加えて全体をよく和える。
195,ピーマンの蒸しサラダ,副菜,15,ピーマン 4個,オリーブ油 小さじ2、酢 小さじ2、塩 少々,食材を蒸すか電子レンジで加熱する。粗熱を取り、ドレッシングで和える。
196,きゅうりのごま和え,副菜,10,"きゅうり 2本
コーン 50g",すりごま 大さじ1、しょうゆ 小さじ2、砂糖 小さじ1,食材を食べやすく切り、必要に応じて加熱する。水気をよく切り、調味料で和える。
197,きゅうりのおかか和え,副菜,10,"きゅうり 2本
コーン 50g",かつお節 1袋、しょうゆ 小さじ2,食材を加熱または塩もみし、水気を切る。かつお節としょうゆで和える。
198,きゅうりの塩昆布和え,副菜,10,"きゅうり 2本
コーン 50g",塩昆布 8g、ごま油 小さじ1,食材を食べやすく切り、硬いものは加熱する。塩昆布とごま油を混ぜ、味をなじませる。
199,きゅうりのナムル,副菜,10,"きゅうり 2本
コーン 50g",鶏がらスープの素 小さじ1/2、ごま油 小さじ1、白ごま 小さじ1,食材を加熱して水気を切る。調味料を加えて全体をよく和える。
200,きゅうりの蒸しサラダ,副菜,15,"きゅうり 2本
コーン 50g",オリーブ油 小さじ2、酢 小さじ2、塩 少々,食材を蒸すか電子レンジで加熱する。粗熱を取り、ドレッシングで和える。
201,トマトのごま和え,副菜,10,"トマト 2個
コーン 50g",すりごま 大さじ1、しょうゆ 小さじ2、砂糖 小さじ1,食材を食べやすく切り、必要に応じて加熱する。水気をよく切り、調味料で和える。
202,トマトのおかか和え,副菜,10,"トマト 2個
コーン 50g",かつお節 1袋、しょうゆ 小さじ2,食材を加熱または塩もみし、水気を切る。かつお節としょうゆで和える。
203,トマトの塩昆布和え,副菜,10,"トマト 2個
コーン 50g",塩昆布 8g、ごま油 小さじ1,食材を食べやすく切り、硬いものは加熱する。塩昆布とごま油を混ぜ、味をなじませる。
204,トマトのナムル,副菜,10,"トマト 2個
コーン 50g",鶏がらスープの素 小さじ1/2、ごま油 小さじ1、白ごま 小さじ1,食材を加熱して水気を切る。調味料を加えて全体をよく和える。
205,トマトの蒸しサラダ,副菜,15,"トマト 2個
コーン 50g",オリーブ油 小さじ2、酢 小さじ2、塩 少々,食材を蒸すか電子レンジで加熱する。粗熱を取り、ドレッシングで和える。
206,きのこミックスのごま和え,副菜,10,きのこミックス 200g,すりごま 大さじ1、しょうゆ 小さじ2、砂糖 小さじ1,食材を食べやすく切り、必要に応じて加熱する。水気をよく切り、調味料で和える。
207,きのこミックスのおかか和え,副菜,10,きのこミックス 200g,かつお節 1袋、しょうゆ 小さじ2,食材を加熱または塩もみし、水気を切る。かつお節としょうゆで和える。
208,きのこミックスの塩昆布和え,副菜,10,きのこミックス 200g,塩昆布 8g、ごま油 小さじ1,食材を食べやすく切り、硬いものは加熱する。塩昆布とごま油を混ぜ、味をなじませる。
209,きのこミックスのナムル,副菜,10,きのこミックス 200g,鶏がらスープの素 小さじ1/2、ごま油 小さじ1、白ごま 小さじ1,食材を加熱して水気を切る。調味料を加えて全体をよく和える。
210,きのこミックスの蒸しサラダ,副菜,15,きのこミックス 200g,オリーブ油 小さじ2、酢 小さじ2、塩 少々,食材を蒸すか電子レンジで加熱する。粗熱を取り、ドレッシングで和える。
211,ひじきのごま和え,副菜,10,"ひじき 15g
にんじん 50g",すりごま 大さじ1、しょうゆ 小さじ2、砂糖 小さじ1,食材を食べやすく切り、必要に応じて加熱する。水気をよく切り、調味料で和える。
212,ひじきのおかか和え,副菜,10,"ひじき 15g
にんじん 50g",かつお節 1袋、しょうゆ 小さじ2,食材を加熱または塩もみし、水気を切る。かつお節としょうゆで和える。
213,ひじきの塩昆布和え,副菜,10,"ひじき 15g
にんじん 50g",塩昆布 8g、ごま油 小さじ1,食材を食べやすく切り、硬いものは加熱する。塩昆布とごま油を混ぜ、味をなじませる。
214,ひじきのナムル,副菜,10,"ひじき 15g
にんじん 50g",鶏がらスープの素 小さじ1/2、ごま油 小さじ1、白ごま 小さじ1,食材を加熱して水気を切る。調味料を加えて全体をよく和える。
215,ひじきの蒸しサラダ,副菜,15,"ひじき 15g
にんじん 50g",オリーブ油 小さじ2、酢 小さじ2、塩 少々,食材を蒸すか電子レンジで加熱する。粗熱を取り、ドレッシングで和える。
216,切り干し大根のごま和え,副菜,10,"切り干し大根 30g
にんじん 50g",すりごま 大さじ1、しょうゆ 小さじ2、砂糖 小さじ1,食材を食べやすく切り、必要に応じて加熱する。水気をよく切り、調味料で和える。
217,切り干し大根のおかか和え,副菜,10,"切り干し大根 30g
にんじん 50g",かつお節 1袋、しょうゆ 小さじ2,食材を加熱または塩もみし、水気を切る。かつお節としょうゆで和える。
218,切り干し大根の塩昆布和え,副菜,10,"切り干し大根 30g
にんじん 50g",塩昆布 8g、ごま油 小さじ1,食材を食べやすく切り、硬いものは加熱する。塩昆布とごま油を混ぜ、味をなじませる。
219,切り干し大根のナムル,副菜,10,"切り干し大根 30g
にんじん 50g",鶏がらスープの素 小さじ1/2、ごま油 小さじ1、白ごま 小さじ1,食材を加熱して水気を切る。調味料を加えて全体をよく和える。
220,切り干し大根の蒸しサラダ,副菜,15,"切り干し大根 30g
にんじん 50g",オリーブ油 小さじ2、酢 小さじ2、塩 少々,食材を蒸すか電子レンジで加熱する。粗熱を取り、ドレッシングで和える。
221,豆腐とわかめの味噌汁,汁物,15,"豆腐 150g
わかめ 3g",だし 400ml、みそ 大さじ1.5,食材を食べやすく切る。だしで火が通るまで煮る。火を弱めてみそを溶き、沸騰させずに仕上げる。
222,大根とにんじんの味噌汁,汁物,15,"大根 100g
にんじん 60g",だし 400ml、みそ 大さじ1.5,食材を食べやすく切る。だしで火が通るまで煮る。火を弱めてみそを溶き、沸騰させずに仕上げる。
223,じゃがいもと玉ねぎの味噌汁,汁物,15,"じゃがいも 1個
玉ねぎ 1/2個",だし 400ml、みそ 大さじ1.5,食材を食べやすく切る。だしで火が通るまで煮る。火を弱めてみそを溶き、沸騰させずに仕上げる。
224,小松菜と油揚げの味噌汁,汁物,15,"小松菜 1/3束
油揚げ 1枚",だし 400ml、みそ 大さじ1.5,食材を食べやすく切る。だしで火が通るまで煮る。火を弱めてみそを溶き、沸騰させずに仕上げる。
225,白菜としめじの味噌汁,汁物,15,"白菜 120g
しめじ 80g",だし 400ml、みそ 大さじ1.5,食材を食べやすく切る。だしで火が通るまで煮る。火を弱めてみそを溶き、沸騰させずに仕上げる。
226,なすと長ねぎの味噌汁,汁物,15,"なす 1本
長ねぎ 1/3本",だし 400ml、みそ 大さじ1.5,食材を食べやすく切る。だしで火が通るまで煮る。火を弱めてみそを溶き、沸騰させずに仕上げる。
227,かぼちゃと玉ねぎの味噌汁,汁物,15,"かぼちゃ 120g
玉ねぎ 1/2個",だし 400ml、みそ 大さじ1.5,食材を食べやすく切る。だしで火が通るまで煮る。火を弱めてみそを溶き、沸騰させずに仕上げる。
228,キャベツと油揚げの味噌汁,汁物,15,"キャベツ 120g
油揚げ 1枚",だし 400ml、みそ 大さじ1.5,食材を食べやすく切る。だしで火が通るまで煮る。火を弱めてみそを溶き、沸騰させずに仕上げる。
229,さつまいもと長ねぎの味噌汁,汁物,15,"さつまいも 100g
長ねぎ 1/3本",だし 400ml、みそ 大さじ1.5,食材を食べやすく切る。だしで火が通るまで煮る。火を弱めてみそを溶き、沸騰させずに仕上げる。
230,ごぼうとにんじんの味噌汁,汁物,15,"ごぼう 60g
にんじん 60g",だし 400ml、みそ 大さじ1.5,食材を食べやすく切る。だしで火が通るまで煮る。火を弱めてみそを溶き、沸騰させずに仕上げる。
231,れんこんとしめじの味噌汁,汁物,15,"れんこん 80g
しめじ 80g",だし 400ml、みそ 大さじ1.5,食材を食べやすく切る。だしで火が通るまで煮る。火を弱めてみそを溶き、沸騰させずに仕上げる。
232,ブロッコリーと玉ねぎの味噌汁,汁物,15,"ブロッコリー 100g
玉ねぎ 1/2個",だし 400ml、みそ 大さじ1.5,食材を食べやすく切る。だしで火が通るまで煮る。火を弱めてみそを溶き、沸騰させずに仕上げる。
233,もやしとにらの味噌汁,汁物,15,"もやし 1/2袋
にら 1/3束",だし 400ml、みそ 大さじ1.5,食材を食べやすく切る。だしで火が通るまで煮る。火を弱めてみそを溶き、沸騰させずに仕上げる。
234,トマトと卵の味噌汁,汁物,15,"トマト 1個
卵 1個",だし 400ml、みそ 大さじ1.5,食材を食べやすく切る。だしで火が通るまで煮る。火を弱めてみそを溶き、沸騰させずに仕上げる。
235,ほうれん草と豆腐の味噌汁,汁物,15,"ほうれん草 1/3束
豆腐 150g",だし 400ml、みそ 大さじ1.5,食材を食べやすく切る。だしで火が通るまで煮る。火を弱めてみそを溶き、沸騰させずに仕上げる。
236,切り干し大根と油揚げの味噌汁,汁物,15,"切り干し大根 15g
油揚げ 1枚",だし 400ml、みそ 大さじ1.5,食材を食べやすく切る。だしで火が通るまで煮る。火を弱めてみそを溶き、沸騰させずに仕上げる。
237,きのこミックスと長ねぎの味噌汁,汁物,15,"きのこミックス 120g
長ねぎ 1/3本",だし 400ml、みそ 大さじ1.5,食材を食べやすく切る。だしで火が通るまで煮る。火を弱めてみそを溶き、沸騰させずに仕上げる。
238,里いもとにんじんの味噌汁,汁物,15,"里いも 3個
にんじん 60g",だし 400ml、みそ 大さじ1.5,食材を食べやすく切る。だしで火が通るまで煮る。火を弱めてみそを溶き、沸騰させずに仕上げる。
239,かぶと油揚げの味噌汁,汁物,15,"かぶ 2個
油揚げ 1枚",だし 400ml、みそ 大さじ1.5,食材を食べやすく切る。だしで火が通るまで煮る。火を弱めてみそを溶き、沸騰させずに仕上げる。
240,オクラと豆腐の味噌汁,汁物,15,"オクラ 4本
豆腐 150g",だし 400ml、みそ 大さじ1.5,食材を食べやすく切る。だしで火が通るまで煮る。火を弱めてみそを溶き、沸騰させずに仕上げる。
241,キャベツと玉ねぎのコンソメスープ,汁物,15,"キャベツ 120g
玉ねぎ 1/2個",水 400ml、コンソメ 小さじ2、塩 少々,食材を切り、水とコンソメでやわらかくなるまで煮る。塩で味を整える。
242,じゃがいもとにんじんのコンソメスープ,汁物,15,"じゃがいも 1個
にんじん 60g",水 400ml、コンソメ 小さじ2、塩 少々,食材を切り、水とコンソメでやわらかくなるまで煮る。塩で味を整える。
243,ブロッコリーとコーンのコンソメスープ,汁物,15,"ブロッコリー 100g
コーン 60g",水 400ml、コンソメ 小さじ2、塩 少々,食材を切り、水とコンソメでやわらかくなるまで煮る。塩で味を整える。
244,トマトと玉ねぎのコンソメスープ,汁物,15,"トマト 1個
玉ねぎ 1/2個",水 400ml、コンソメ 小さじ2、塩 少々,食材を切り、水とコンソメでやわらかくなるまで煮る。塩で味を整える。
245,小松菜としめじのコンソメスープ,汁物,15,"小松菜 1/3束
しめじ 80g",水 400ml、コンソメ 小さじ2、塩 少々,食材を切り、水とコンソメでやわらかくなるまで煮る。塩で味を整える。
246,白菜とコーンのコンソメスープ,汁物,15,"白菜 120g
コーン 60g",水 400ml、コンソメ 小さじ2、塩 少々,食材を切り、水とコンソメでやわらかくなるまで煮る。塩で味を整える。
247,かぼちゃと玉ねぎのコンソメスープ,汁物,15,"かぼちゃ 120g
玉ねぎ 1/2個",水 400ml、コンソメ 小さじ2、塩 少々,食材を切り、水とコンソメでやわらかくなるまで煮る。塩で味を整える。
248,大根とにんじんのコンソメスープ,汁物,15,"大根 100g
にんじん 60g",水 400ml、コンソメ 小さじ2、塩 少々,食材を切り、水とコンソメでやわらかくなるまで煮る。塩で味を整える。
249,きのこミックスとキャベツのコンソメスープ,汁物,15,"きのこミックス 120g
キャベツ 120g",水 400ml、コンソメ 小さじ2、塩 少々,食材を切り、水とコンソメでやわらかくなるまで煮る。塩で味を整える。
250,さつまいもと玉ねぎのコンソメスープ,汁物,15,"さつまいも 100g
玉ねぎ 1/2個",水 400ml、コンソメ 小さじ2、塩 少々,食材を切り、水とコンソメでやわらかくなるまで煮る。塩で味を整える。
251,れんこんとにんじんのコンソメスープ,汁物,15,"れんこん 80g
にんじん 60g",水 400ml、コンソメ 小さじ2、塩 少々,食材を切り、水とコンソメでやわらかくなるまで煮る。塩で味を整える。
252,もやしと小松菜のコンソメスープ,汁物,15,"もやし 1/2袋
小松菜 1/3束",水 400ml、コンソメ 小さじ2、塩 少々,食材を切り、水とコンソメでやわらかくなるまで煮る。塩で味を整える。
253,なすとトマトのコンソメスープ,汁物,15,"なす 1本
トマト 1個",水 400ml、コンソメ 小さじ2、塩 少々,食材を切り、水とコンソメでやわらかくなるまで煮る。塩で味を整える。
254,ほうれん草とコーンのコンソメスープ,汁物,15,"ほうれん草 1/3束
コーン 60g",水 400ml、コンソメ 小さじ2、塩 少々,食材を切り、水とコンソメでやわらかくなるまで煮る。塩で味を整える。
255,かぶと玉ねぎのコンソメスープ,汁物,15,"かぶ 2個
玉ねぎ 1/2個",水 400ml、コンソメ 小さじ2、塩 少々,食材を切り、水とコンソメでやわらかくなるまで煮る。塩で味を整える。
256,セロリとにんじんのコンソメスープ,汁物,15,"セロリ 1/2本
にんじん 60g",水 400ml、コンソメ 小さじ2、塩 少々,食材を切り、水とコンソメでやわらかくなるまで煮る。塩で味を整える。
257,ズッキーニと玉ねぎのコンソメスープ,汁物,15,"ズッキーニ 1/2本
玉ねぎ 1/2個",水 400ml、コンソメ 小さじ2、塩 少々,食材を切り、水とコンソメでやわらかくなるまで煮る。塩で味を整える。
258,ごぼうとキャベツのコンソメスープ,汁物,15,"ごぼう 60g
キャベツ 120g",水 400ml、コンソメ 小さじ2、塩 少々,食材を切り、水とコンソメでやわらかくなるまで煮る。塩で味を整える。
259,オクラとトマトのコンソメスープ,汁物,15,"オクラ 4本
トマト 1個",水 400ml、コンソメ 小さじ2、塩 少々,食材を切り、水とコンソメでやわらかくなるまで煮る。塩で味を整える。
260,白菜としめじのコンソメスープ,汁物,15,"白菜 120g
しめじ 80g",水 400ml、コンソメ 小さじ2、塩 少々,食材を切り、水とコンソメでやわらかくなるまで煮る。塩で味を整える。
261,卵とわかめの中華スープ,汁物,15,"卵 1個
わかめ 3g",水 400ml、鶏がらスープの素 小さじ2、ごま油 小さじ1,食材を切り、スープで火が通るまで煮る。卵を使う場合は溶いて流し入れ、完全に固まるまで加熱する。
262,豆腐と長ねぎの中華スープ,汁物,15,"豆腐 150g
長ねぎ 1/3本",水 400ml、鶏がらスープの素 小さじ2、ごま油 小さじ1,食材を切り、スープで火が通るまで煮る。卵を使う場合は溶いて流し入れ、完全に固まるまで加熱する。
263,白菜としめじの中華スープ,汁物,15,"白菜 120g
しめじ 80g",水 400ml、鶏がらスープの素 小さじ2、ごま油 小さじ1,食材を切り、スープで火が通るまで煮る。卵を使う場合は溶いて流し入れ、完全に固まるまで加熱する。
264,もやしとにらの中華スープ,汁物,15,"もやし 1/2袋
にら 1/3束",水 400ml、鶏がらスープの素 小さじ2、ごま油 小さじ1,食材を切り、スープで火が通るまで煮る。卵を使う場合は溶いて流し入れ、完全に固まるまで加熱する。
265,小松菜と卵の中華スープ,汁物,15,"小松菜 1/3束
卵 1個",水 400ml、鶏がらスープの素 小さじ2、ごま油 小さじ1,食材を切り、スープで火が通るまで煮る。卵を使う場合は溶いて流し入れ、完全に固まるまで加熱する。
266,キャベツとコーンの中華スープ,汁物,15,"キャベツ 120g
コーン 60g",水 400ml、鶏がらスープの素 小さじ2、ごま油 小さじ1,食材を切り、スープで火が通るまで煮る。卵を使う場合は溶いて流し入れ、完全に固まるまで加熱する。
267,大根とにんじんの中華スープ,汁物,15,"大根 100g
にんじん 60g",水 400ml、鶏がらスープの素 小さじ2、ごま油 小さじ1,食材を切り、スープで火が通るまで煮る。卵を使う場合は溶いて流し入れ、完全に固まるまで加熱する。
268,トマトと卵の中華スープ,汁物,15,"トマト 1個
卵 1個",水 400ml、鶏がらスープの素 小さじ2、ごま油 小さじ1,食材を切り、スープで火が通るまで煮る。卵を使う場合は溶いて流し入れ、完全に固まるまで加熱する。
269,きのこミックスと長ねぎの中華スープ,汁物,15,"きのこミックス 120g
長ねぎ 1/3本",水 400ml、鶏がらスープの素 小さじ2、ごま油 小さじ1,食材を切り、スープで火が通るまで煮る。卵を使う場合は溶いて流し入れ、完全に固まるまで加熱する。
270,ブロッコリーと豆腐の中華スープ,汁物,15,"ブロッコリー 100g
豆腐 150g",水 400ml、鶏がらスープの素 小さじ2、ごま油 小さじ1,食材を切り、スープで火が通るまで煮る。卵を使う場合は溶いて流し入れ、完全に固まるまで加熱する。
271,れんこんとにんじんの中華スープ,汁物,15,"れんこん 80g
にんじん 60g",水 400ml、鶏がらスープの素 小さじ2、ごま油 小さじ1,食材を切り、スープで火が通るまで煮る。卵を使う場合は溶いて流し入れ、完全に固まるまで加熱する。
272,なすと長ねぎの中華スープ,汁物,15,"なす 1本
長ねぎ 1/3本",水 400ml、鶏がらスープの素 小さじ2、ごま油 小さじ1,食材を切り、スープで火が通るまで煮る。卵を使う場合は溶いて流し入れ、完全に固まるまで加熱する。
273,ほうれん草としめじの中華スープ,汁物,15,"ほうれん草 1/3束
しめじ 80g",水 400ml、鶏がらスープの素 小さじ2、ごま油 小さじ1,食材を切り、スープで火が通るまで煮る。卵を使う場合は溶いて流し入れ、完全に固まるまで加熱する。
274,オクラと豆腐の中華スープ,汁物,15,"オクラ 4本
豆腐 150g",水 400ml、鶏がらスープの素 小さじ2、ごま油 小さじ1,食材を切り、スープで火が通るまで煮る。卵を使う場合は溶いて流し入れ、完全に固まるまで加熱する。
275,かぶと卵の中華スープ,汁物,15,"かぶ 2個
卵 1個",水 400ml、鶏がらスープの素 小さじ2、ごま油 小さじ1,食材を切り、スープで火が通るまで煮る。卵を使う場合は溶いて流し入れ、完全に固まるまで加熱する。
276,切り干し大根とにんじんの中華スープ,汁物,15,"切り干し大根 15g
にんじん 60g",水 400ml、鶏がらスープの素 小さじ2、ごま油 小さじ1,食材を切り、スープで火が通るまで煮る。卵を使う場合は溶いて流し入れ、完全に固まるまで加熱する。
277,ごぼうと長ねぎの中華スープ,汁物,15,"ごぼう 60g
長ねぎ 1/3本",水 400ml、鶏がらスープの素 小さじ2、ごま油 小さじ1,食材を切り、スープで火が通るまで煮る。卵を使う場合は溶いて流し入れ、完全に固まるまで加熱する。
278,白菜と春雨の中華スープ,汁物,15,"白菜 120g
春雨 30g",水 400ml、鶏がらスープの素 小さじ2、ごま油 小さじ1,食材を切り、スープで火が通るまで煮る。卵を使う場合は溶いて流し入れ、完全に固まるまで加熱する。
279,もやしとわかめの中華スープ,汁物,15,"もやし 1/2袋
わかめ 3g",水 400ml、鶏がらスープの素 小さじ2、ごま油 小さじ1,食材を切り、スープで火が通るまで煮る。卵を使う場合は溶いて流し入れ、完全に固まるまで加熱する。
280,小松菜とコーンの中華スープ,汁物,15,"小松菜 1/3束
コーン 60g",水 400ml、鶏がらスープの素 小さじ2、ごま油 小さじ1,食材を切り、スープで火が通るまで煮る。卵を使う場合は溶いて流し入れ、完全に固まるまで加熱する。
281,かぼちゃと玉ねぎの豆乳スープ,汁物,15,"かぼちゃ 120g
玉ねぎ 1/2個",無調整豆乳 250ml、水 150ml、コンソメ 小さじ1、塩 少々,食材を水とコンソメで煮る。やわらかくなったら豆乳を加え、沸騰させないよう温めて塩で整える。
282,ブロッコリーとしめじの豆乳スープ,汁物,15,"ブロッコリー 100g
しめじ 80g",無調整豆乳 250ml、水 150ml、コンソメ 小さじ1、塩 少々,食材を水とコンソメで煮る。やわらかくなったら豆乳を加え、沸騰させないよう温めて塩で整える。
283,じゃがいもと玉ねぎの豆乳スープ,汁物,15,"じゃがいも 1個
玉ねぎ 1/2個",無調整豆乳 250ml、水 150ml、コンソメ 小さじ1、塩 少々,食材を水とコンソメで煮る。やわらかくなったら豆乳を加え、沸騰させないよう温めて塩で整える。
284,白菜とコーンの豆乳スープ,汁物,15,"白菜 120g
コーン 60g",無調整豆乳 250ml、水 150ml、コンソメ 小さじ1、塩 少々,食材を水とコンソメで煮る。やわらかくなったら豆乳を加え、沸騰させないよう温めて塩で整える。
285,小松菜としめじの豆乳スープ,汁物,15,"小松菜 1/3束
しめじ 80g",無調整豆乳 250ml、水 150ml、コンソメ 小さじ1、塩 少々,食材を水とコンソメで煮る。やわらかくなったら豆乳を加え、沸騰させないよう温めて塩で整える。
286,さつまいもと玉ねぎの豆乳スープ,汁物,15,"さつまいも 100g
玉ねぎ 1/2個",無調整豆乳 250ml、水 150ml、コンソメ 小さじ1、塩 少々,食材を水とコンソメで煮る。やわらかくなったら豆乳を加え、沸騰させないよう温めて塩で整える。
287,キャベツとにんじんの豆乳スープ,汁物,15,"キャベツ 120g
にんじん 60g",無調整豆乳 250ml、水 150ml、コンソメ 小さじ1、塩 少々,食材を水とコンソメで煮る。やわらかくなったら豆乳を加え、沸騰させないよう温めて塩で整える。
288,大根としめじの豆乳スープ,汁物,15,"大根 100g
しめじ 80g",無調整豆乳 250ml、水 150ml、コンソメ 小さじ1、塩 少々,食材を水とコンソメで煮る。やわらかくなったら豆乳を加え、沸騰させないよう温めて塩で整える。
289,トマトと玉ねぎの豆乳スープ,汁物,15,"トマト 1個
玉ねぎ 1/2個",無調整豆乳 250ml、水 150ml、コンソメ 小さじ1、塩 少々,食材を水とコンソメで煮る。やわらかくなったら豆乳を加え、沸騰させないよう温めて塩で整える。
290,れんこんとにんじんの豆乳スープ,汁物,15,"れんこん 80g
にんじん 60g",無調整豆乳 250ml、水 150ml、コンソメ 小さじ1、塩 少々,食材を水とコンソメで煮る。やわらかくなったら豆乳を加え、沸騰させないよう温めて塩で整える。
291,ほうれん草とコーンの豆乳スープ,汁物,15,"ほうれん草 1/3束
コーン 60g",無調整豆乳 250ml、水 150ml、コンソメ 小さじ1、塩 少々,食材を水とコンソメで煮る。やわらかくなったら豆乳を加え、沸騰させないよう温めて塩で整える。
292,かぶと玉ねぎの豆乳スープ,汁物,15,"かぶ 2個
玉ねぎ 1/2個",無調整豆乳 250ml、水 150ml、コンソメ 小さじ1、塩 少々,食材を水とコンソメで煮る。やわらかくなったら豆乳を加え、沸騰させないよう温めて塩で整える。
293,きのこミックスと白菜の豆乳スープ,汁物,15,"きのこミックス 120g
白菜 120g",無調整豆乳 250ml、水 150ml、コンソメ 小さじ1、塩 少々,食材を水とコンソメで煮る。やわらかくなったら豆乳を加え、沸騰させないよう温めて塩で整える。
294,ごぼうとにんじんの豆乳スープ,汁物,15,"ごぼう 60g
にんじん 60g",無調整豆乳 250ml、水 150ml、コンソメ 小さじ1、塩 少々,食材を水とコンソメで煮る。やわらかくなったら豆乳を加え、沸騰させないよう温めて塩で整える。
295,オクラとコーンの豆乳スープ,汁物,15,"オクラ 4本
コーン 60g",無調整豆乳 250ml、水 150ml、コンソメ 小さじ1、塩 少々,食材を水とコンソメで煮る。やわらかくなったら豆乳を加え、沸騰させないよう温めて塩で整える。
296,なすとトマトの豆乳スープ,汁物,15,"なす 1本
トマト 1個",無調整豆乳 250ml、水 150ml、コンソメ 小さじ1、塩 少々,食材を水とコンソメで煮る。やわらかくなったら豆乳を加え、沸騰させないよう温めて塩で整える。
297,もやしと小松菜の豆乳スープ,汁物,15,"もやし 1/2袋
小松菜 1/3束",無調整豆乳 250ml、水 150ml、コンソメ 小さじ1、塩 少々,食材を水とコンソメで煮る。やわらかくなったら豆乳を加え、沸騰させないよう温めて塩で整える。
298,セロリと玉ねぎの豆乳スープ,汁物,15,"セロリ 1/2本
玉ねぎ 1/2個",無調整豆乳 250ml、水 150ml、コンソメ 小さじ1、塩 少々,食材を水とコンソメで煮る。やわらかくなったら豆乳を加え、沸騰させないよう温めて塩で整える。
299,ズッキーニとしめじの豆乳スープ,汁物,15,"ズッキーニ 1/2本
しめじ 80g",無調整豆乳 250ml、水 150ml、コンソメ 小さじ1、塩 少々,食材を水とコンソメで煮る。やわらかくなったら豆乳を加え、沸騰させないよう温めて塩で整える。
300,里いもと長ねぎの豆乳スープ,汁物,15,"里いも 3個
長ねぎ 1/3本",無調整豆乳 250ml、水 150ml、コンソメ 小さじ1、塩 少々,食材を水とコンソメで煮る。やわらかくなったら豆乳を加え、沸騰させないよう温めて塩で整える。
